File_Name,Barcode_ID,Portal,Collection_Code,Date,File_Path
LSU00210170.JPG,LSU00210149,NoPortal,LSU,2019-07-23 10:24:48,/data/LSUCollections/NoPortal/LSU/LSU00210149.JPG
LSU00212704.JPG,LSU00212706,NoPortal,LSU,2019-07-23 10:24:48,/data/LSUCollections/NoPortal/LSU/LSU00212706.JPG
LSU00212351.JPG,LSU00212395,NoPortal,LSU,2019-07-23 10:24:48,/data/LSUCollections/NoPortal/LSU/LSU00212395.JPG
LSU00212978.JPG,LSU00212973,NoPortal,LSU,2019-07-23 10:24:48,/data/LSUCollections/NoPortal/LSU/LSU00212973.JPG
LSU00212454.JPG,LSU00212465,NoPortal,LSU,2019-07-23 10:24:48,/data/LSUCollections/NoPortal/LSU/LSU00212465.JPG
LSU00210748.JPG,LSU00210796,NoPortal,LSU,2019-07-23 10:24:48,/data/LSUCollections/NoPortal/LSU/LSU00210796.JPG
LSU00011289.JPG,LSU00011292,NoPortal,LSU,2019-07-23 10:24:48,/data/LSUCollections/NoPortal/LSU/LSU00011292.JPG
LSU00011256.JPG,LSU00011224,NoPortal,LSU,2019-07-23 10:24:48,/data/LSUCollections/NoPortal/LSU/LSU00011224.JPG
LSU00012099.JPG,LSU00012054,NoPortal,LSU,2019-07-23 10:24:48,/data/LSUCollections/NoPortal/LSU/LSU00012054.JPG
LSU00012025.JPG,LSU00012050,NoPortal,LSU,2019-07-23 10:24:48,/data/LSUCollections/NoPortal/LSU/LSU00012050.JPG
LSU00012737.JPG,LSU00012755,NoPortal,LSU,2019-07-23 10:24:48,/data/LSUCollections/NoPortal/LSU/LSU00012755.JPG
LSU00011313.JPG,LSU00011345,NoPortal,LSU,2019-07-23 10:24:48,/data/LSUCollections/NoPortal/LSU/LSU00011345.JPG
LSU00012328.JPG,LSU00012389,NoPortal,LSU,2019-07-23 10:24:48,/data/LSUCollections/NoPortal/LSU/LSU00012389.JPG
LSU00011841.JPG,LSU00011831,NoPortal,LSU,2019-07-23 10:24:48,/data/LSUCollections/NoPortal/LSU/LSU00011831.JPG
LSU00011825.JPG,LSU00011850,NoPortal,LSU,2019-07-23 10:24:48,/data/LSUCollections/NoPortal/LSU/LSU00011850.JPG
LSU00011082.JPG,LSU00011011,NoPortal,LSU,2019-07-23 10:24:48,/data/LSUCollections/NoPortal/LSU/LSU00011011.JPG
LSU00012888.JPG,LSU00012878,NoPortal,LSU,2019-07-23 10:24:48,/data/LSUCollections/NoPortal/LSU/LSU00012878.JPG
LSU00010245.JPG,LSU00010259,NoPortal,LSU,2019-07-23 10:24:48,/data/LSUCollections/NoPortal/LSU/LSU00010259.JPG
LSU00012956.JPG,LSU00012924,NoPortal,LSU,2019-07-23 10:24:48,/data/LSUCollections/NoPortal/LSU/LSU00012924.JPG
LSU00012907.JPG,LSU00012979,NoPortal,LSU,2019-07-23 10:24:48,/data/LSUCollections/NoPortal/LSU/LSU00012979.JPG
LSU00012967.JPG,LSU00012987,NoPortal,LSU,2019-07-23 10:24:48,/data/LSUCollections/NoPortal/LSU/LSU00012987.JPG
LSU00012501.JPG,LSU00012512,NoPortal,LSU,2019-07-23 10:24:48,/data/LSUCollections/NoPortal/LSU/LSU00012512.JPG
LSU00126531.JPG,LSU00126500,NoPortal,LSU,2019-07-23 10:24:48,/data/LSUCollections/NoPortal/LSU/LSU00126500.JPG
LSU00126527.JPG,LSU00126513,NoPortal,LSU,2019-07-23 10:24:48,/data/LSUCollections/NoPortal/LSU/LSU00126513.JPG
LSU00126577.JPG,LSU00126507,NoPortal,LSU,2019-07-23 10:24:48,/data/LSUCollections/NoPortal/LSU/LSU00126507.JPG
LSU00124145.JPG,LSU00124159,NoPortal,LSU,2019-07-23 10:24:48,/data/LSUCollections/NoPortal/LSU/LSU00124159.JPG
LSU00124382.JPG,LSU00124311,NoPortal,LSU,2019-07-23 10:24:48,/data/LSUCollections/NoPortal/LSU/LSU00124311.JPG
LSU00126484.JPG,LSU00126440,NoPortal,LSU,2019-07-23 10:24:48,/data/LSUCollections/NoPortal/LSU/LSU00126440.JPG
LSU00126464.JPG,LSU00126416,NoPortal,LSU,2019-07-23 10:24:48,/data/LSUCollections/NoPortal/LSU/LSU00126416.JPG
LSU00126495.JPG,LSU00126428,NoPortal,LSU,2019-07-23 10:24:48,/data/LSUCollections/NoPortal/LSU/LSU00126428.JPG
LSU00126468.JPG,LSU00126434,NoPortal,LSU,2019-07-23 10:24:48,/data/LSUCollections/NoPortal/LSU/LSU00126434.JPG
LSU00126449.JPG,LSU00126494,NoPortal,LSU,2019-07-23 10:24:48,/data/LSUCollections/NoPortal/LSU/LSU00126494.JPG
LSU00125311.JPG,LSU00129358,NoPortal,LSU,2019-07-23 10:24:48,/data/LSUCollections/NoPortal/LSU/LSU00129358.JPG
LSU00129399.JPG,LSU00129354,NoPortal,LSU,2019-07-23 10:24:48,/data/LSUCollections/NoPortal/LSU/LSU00129354.JPG
LSU00129345.JPG,LSU00129359,NoPortal,LSU,2019-07-23 10:24:48,/data/LSUCollections/NoPortal/LSU/LSU00129359.JPG
LSU00129337.JPG,LSU00129355,NoPortal,LSU,2019-07-23 10:24:48,/data/LSUCollections/NoPortal/LSU/LSU00129355.JPG
LSU00129346.JPG,LSU00129353,NoPortal,LSU,2019-07-23 10:24:48,/data/LSUCollections/NoPortal/LSU/LSU00129353.JPG
LSU00129369.JPG,LSU00129360,NoPortal,LSU,2019-07-23 10:24:48,/data/LSUCollections/NoPortal/LSU/LSU00129360.JPG
LSU00129318.JPG,LSU00129351,NoPortal,LSU,2019-07-23 10:24:48,/data/LSUCollections/NoPortal/LSU/LSU00129351.JPG
LSU00129302.JPG,LSU00129357,NoPortal,LSU,2019-07-23 10:24:48,/data/LSUCollections/NoPortal/LSU/LSU00129357.JPG
LSU00129394.JPG,LSU00129356,NoPortal,LSU,2019-07-23 10:24:48,/data/LSUCollections/NoPortal/LSU/LSU00129356.JPG
LSU00129350.JPG,LSU00129352,NoPortal,LSU,2019-07-23 10:24:48,/data/LSUCollections/NoPortal/LSU/LSU00129352.JPG
LSU00121744.JPG,LSU00121720,NoPortal,LSU,2019-07-23 10:24:48,/data/LSUCollections/NoPortal/LSU/LSU00121720.JPG
LSU00121596.JPG,LSU00121515,NoPortal,LSU,2019-07-23 10:24:48,/data/LSUCollections/NoPortal/LSU/LSU00121515.JPG
LSU00121875.JPG,LSU00121838,NoPortal,LSU,2019-07-23 10:24:48,/data/LSUCollections/NoPortal/LSU/LSU00121838.JPG
LSU00121888.JPG,LSU00121878,NoPortal,LSU,2019-07-23 10:24:48,/data/LSUCollections/NoPortal/LSU/LSU00121878.JPG
LSU00129421.JPG,LSU00129442,NoPortal,LSU,2019-07-23 10:24:48,/data/LSUCollections/NoPortal/LSU/LSU00129442.JPG
LSU00129475.JPG,LSU00129438,NoPortal,LSU,2019-07-23 10:24:48,/data/LSUCollections/NoPortal/LSU/LSU00129438.JPG
LSU00129412.JPG,LSU00129431,NoPortal,LSU,2019-07-23 10:24:48,/data/LSUCollections/NoPortal/LSU/LSU00129431.JPG
LSU00129485.JPG,LSU00129443,NoPortal,LSU,2019-07-23 10:24:48,/data/LSUCollections/NoPortal/LSU/LSU00129443.JPG
LSU00129484.JPG,LSU00129440,NoPortal,LSU,2019-07-23 10:24:48,/data/LSUCollections/NoPortal/LSU/LSU00129440.JPG
LSU00129416.JPG,LSU00129444,NoPortal,LSU,2019-07-23 10:24:48,/data/LSUCollections/NoPortal/LSU/LSU00129444.JPG
LSU00129413.JPG,LSU00129445,NoPortal,LSU,2019-07-23 10:24:48,/data/LSUCollections/NoPortal/LSU/LSU00129445.JPG
LSU00129405.JPG,LSU00129437,NoPortal,LSU,2019-07-23 10:24:48,/data/LSUCollections/NoPortal/LSU/LSU00129437.JPG
LSU00129433.JPG,LSU00129417,NoPortal,LSU,2019-07-23 10:24:48,/data/LSUCollections/NoPortal/LSU/LSU00129417.JPG
LSU00129473.JPG,LSU00129439,NoPortal,LSU,2019-07-23 10:24:48,/data/LSUCollections/NoPortal/LSU/LSU00129439.JPG
LSU00126766.JPG,LSU00126791,NoPortal,LSU,2019-07-23 10:24:48,/data/LSUCollections/NoPortal/LSU/LSU00126791.JPG
LSU00125090.JPG,LSU00125004,NoPortal,LSU,2019-07-23 10:24:48,/data/LSUCollections/NoPortal/LSU/LSU00125004.JPG
LSU00121195.JPG,LSU00121110,NoPortal,LSU,2019-07-23 10:24:48,/data/LSUCollections/NoPortal/LSU/LSU00121110.JPG
LSU00004757.JPG,LSU00004768,NoPortal,LSU,2019-07-23 10:24:48,/data/LSUCollections/NoPortal/LSU/LSU00004768.JPG
LSU00004786.JPG,LSU00004767,NoPortal,LSU,2019-07-23 10:24:48,/data/LSUCollections/NoPortal/LSU/LSU00004767.JPG
LSU00006283.JPG,LSU00006277,NoPortal,LSU,2019-07-23 10:24:48,/data/LSUCollections/NoPortal/LSU/LSU00006277.JPG
LSU00005428.JPG,LSU00005489,NoPortal,LSU,2019-07-23 10:24:48,/data/LSUCollections/NoPortal/LSU/LSU00005489.JPG
LSU00005487.JPG,LSU00005488,NoPortal,LSU,2019-07-23 10:24:48,/data/LSUCollections/NoPortal/LSU/LSU00005488.JPG
LSU00005473.JPG,LSU00005439,NoPortal,LSU,2019-07-23 10:24:48,/data/LSUCollections/NoPortal/LSU/LSU00005439.JPG
LSU00000140.JPG,LSU00000164,NoPortal,LSU,2019-07-23 10:24:48,/data/LSUCollections/NoPortal/LSU/LSU00000164.JPG
LSU00000149.JPG,LSU00000194,NoPortal,LSU,2019-07-23 10:24:48,/data/LSUCollections/NoPortal/LSU/LSU00000194.JPG
LSU00004401.JPG,LSU00004412,NoPortal,LSU,2019-07-23 10:24:48,/data/LSUCollections/NoPortal/LSU/LSU00004412.JPG
LSU00004453.JPG,LSU00004493,NoPortal,LSU,2019-07-23 10:24:48,/data/LSUCollections/NoPortal/LSU/LSU00004493.JPG
LSU00002763.JPG,LSU00002732,NoPortal,LSU,2019-07-23 10:24:48,/data/LSUCollections/NoPortal/LSU/LSU00002732.JPG
LSU00004574.JPG,LSU00004526,NoPortal,LSU,2019-07-23 10:24:48,/data/LSUCollections/NoPortal/LSU/LSU00004526.JPG
LSU00005593.JPG,LSU00005533,NoPortal,LSU,2019-07-23 10:24:48,/data/LSUCollections/NoPortal/LSU/LSU00005533.JPG
LSU00007197.JPG,LSU00007147,NoPortal,LSU,2019-07-23 10:24:48,/data/LSUCollections/NoPortal/LSU/LSU00007147.JPG
LSU00007117.JPG,LSU00007148,NoPortal,LSU,2019-07-23 10:24:48,/data/LSUCollections/NoPortal/LSU/LSU00007148.JPG
LSU00009382.JPG,LSU00009311,NoPortal,LSU,2019-07-23 10:24:48,/data/LSUCollections/NoPortal/LSU/LSU00009311.JPG
LSU00004840.JPG,LSU00004864,NoPortal,LSU,2019-07-23 10:24:48,/data/LSUCollections/NoPortal/LSU/LSU00004864.JPG
LSU00009601.JPG,LSU00009612,NoPortal,LSU,2019-07-23 10:24:48,/data/LSUCollections/NoPortal/LSU/LSU00009612.JPG
LSU00009627.JPG,LSU00009613,NoPortal,LSU,2019-07-23 10:24:48,/data/LSUCollections/NoPortal/LSU/LSU00009613.JPG
LSU00009622.JPG,LSU00009666,NoPortal,LSU,2019-07-23 10:24:48,/data/LSUCollections/NoPortal/LSU/LSU00009666.JPG
LSU00006980.JPG,LSU00006985,NoPortal,LSU,2019-07-23 10:24:48,/data/LSUCollections/NoPortal/LSU/LSU00006985.JPG
LSU00002321.JPG,LSU00002342,NoPortal,LSU,2019-07-23 10:24:48,/data/LSUCollections/NoPortal/LSU/LSU00002342.JPG
LSU00001096.JPG,LSU00001015,NoPortal,LSU,2019-07-23 10:24:48,/data/LSUCollections/NoPortal/LSU/LSU00001015.JPG
LSU00002815.JPG,LSU00002835,NoPortal,LSU,2019-07-23 10:24:48,/data/LSUCollections/NoPortal/LSU/LSU00002835.JPG
LSU00008923.JPG,LSU00008981,NoPortal,LSU,2019-07-23 10:24:48,/data/LSUCollections/NoPortal/LSU/LSU00008981.JPG
LSU00009027.JPG,LSU00009013,NoPortal,LSU,2019-07-23 10:24:48,/data/LSUCollections/NoPortal/LSU/LSU00009013.JPG
LSU00009070.JPG,LSU00009049,NoPortal,LSU,2019-07-23 10:24:48,/data/LSUCollections/NoPortal/LSU/LSU00009049.JPG
LSU00000605.JPG,LSU00000637,NoPortal,LSU,2019-07-23 10:24:48,/data/LSUCollections/NoPortal/LSU/LSU00000637.JPG
LSU00005784.JPG,LSU00005740,NoPortal,LSU,2019-07-23 10:24:48,/data/LSUCollections/NoPortal/LSU/LSU00005740.JPG
LSU00005706.JPG,LSU00005776,NoPortal,LSU,2019-07-23 10:24:48,/data/LSUCollections/NoPortal/LSU/LSU00005776.JPG
LSU00005761.JPG,LSU00005730,NoPortal,LSU,2019-07-23 10:24:48,/data/LSUCollections/NoPortal/LSU/LSU00005730.JPG
LSU00006890.JPG,LSU00006804,NoPortal,LSU,2019-07-23 10:24:48,/data/LSUCollections/NoPortal/LSU/LSU00006804.JPG
LSU00003485.JPG,LSU00003443,NoPortal,LSU,2019-07-23 10:24:48,/data/LSUCollections/NoPortal/LSU/LSU00003443.JPG
LSU00000853.JPG,LSU00000893,NoPortal,LSU,2019-07-23 10:24:48,/data/LSUCollections/NoPortal/LSU/LSU00000893.JPG
LSU00002491.JPG,LSU00002425,NoPortal,LSU,2019-07-23 10:24:48,/data/LSUCollections/NoPortal/LSU/LSU00002425.JPG
LSU00008814.JPG,LSU00008898,NoPortal,LSU,2019-07-23 10:24:48,/data/LSUCollections/NoPortal/LSU/LSU00008898.JPG
LSU00001929.JPG,LSU00001934,NoPortal,LSU,2019-07-23 10:24:48,/data/LSUCollections/NoPortal/LSU/LSU00001934.JPG
LSU00006640.JPG,LSU00006664,NoPortal,LSU,2019-07-23 10:24:48,/data/LSUCollections/NoPortal/LSU/LSU00006664.JPG
LSU00009188.JPG,LSU00009178,NoPortal,LSU,2019-07-23 10:24:48,/data/LSUCollections/NoPortal/LSU/LSU00009178.JPG
LSU00161111_5.JPG,LSU00447014,NoPortal,LSU,2019-07-23 10:24:48,/data/LSUCollections/NoPortal/LSU/LSU00447014.JPG
LSU00202113.JPG,LSU00202145,NoPortal,LSU,2019-07-23 10:24:48,/data/LSUCollections/NoPortal/LSU/LSU00202145.JPG
LSU00203706.JPG,LSU00203776,NoPortal,LSU,2019-07-23 10:24:48,/data/LSUCollections/NoPortal/LSU/LSU00203776.JPG
LSU00209322.JPG,LSU00209366,NoPortal,LSU,2019-07-23 10:24:48,/data/LSUCollections/NoPortal/LSU/LSU00209366.JPG
LSU00206957.JPG,LSU00206968,NoPortal,LSU,2019-07-23 10:24:48,/data/LSUCollections/NoPortal/LSU/LSU00206968.JPG
LSU00206111.JPG,LSU00203058,NoPortal,LSU,2019-07-23 10:24:48,/data/LSUCollections/NoPortal/LSU/LSU00203058.JPG
LSU00203024.JPG,LSU00203009,NoPortal,LSU,2019-07-23 10:24:48,/data/LSUCollections/NoPortal/LSU/LSU00203009.JPG
LSU00209447.JPG,LSU00209462,NoPortal,LSU,2019-07-23 10:24:48,/data/LSUCollections/NoPortal/LSU/LSU00209462.JPG
LSU00208369.JPG,LSU00208360,NoPortal,LSU,2019-07-23 10:24:48,/data/LSUCollections/NoPortal/LSU/LSU00208360.JPG
LSU00201919.JPG,LSU00201974,NoPortal,LSU,2019-07-23 10:24:48,/data/LSUCollections/NoPortal/LSU/LSU00201974.JPG
LSU00203285.JPG,LSU00203243,NoPortal,LSU,2019-07-23 10:24:48,/data/LSUCollections/NoPortal/LSU/LSU00203243.JPG
LSU00133106.JPG,LSU00133176,NoPortal,LSU,2019-07-23 10:24:48,/data/LSUCollections/NoPortal/LSU/LSU00133176.JPG
LSU00131730.JPG,LSU00131702,NoPortal,LSU,2019-07-23 10:24:48,/data/LSUCollections/NoPortal/LSU/LSU00131702.JPG
LSU00136142.JPG,LSU00136197,NoPortal,LSU,2019-07-23 10:24:48,/data/LSUCollections/NoPortal/LSU/LSU00136197.JPG
LSU00131996.JPG,LSU00131995,NoPortal,LSU,2019-07-23 10:24:48,/data/LSUCollections/NoPortal/LSU/LSU00131995.JPG
LSU00136301.JPG,LSU00136312,NoPortal,LSU,2019-07-23 10:24:48,/data/LSUCollections/NoPortal/LSU/LSU00136312.JPG
LSU00136341.JPG,LSU00136331,NoPortal,LSU,2019-07-23 10:24:48,/data/LSUCollections/NoPortal/LSU/LSU00136331.JPG
LSU00136300.JPG,LSU00136314,NoPortal,LSU,2019-07-23 10:24:48,/data/LSUCollections/NoPortal/LSU/LSU00136314.JPG
LSU00136364.JPG,LSU00136313,NoPortal,LSU,2019-07-23 10:24:48,/data/LSUCollections/NoPortal/LSU/LSU00136313.JPG
LSU00136359.JPG,LSU00136336,NoPortal,LSU,2019-07-23 10:24:48,/data/LSUCollections/NoPortal/LSU/LSU00136336.JPG
LSU00136393.JPG,LSU00136317,NoPortal,LSU,2019-07-23 10:24:48,/data/LSUCollections/NoPortal/LSU/LSU00136317.JPG
LSU00136396.JPG,LSU00136335,NoPortal,LSU,2019-07-23 10:24:48,/data/LSUCollections/NoPortal/LSU/LSU00136335.JPG
LSU00136360.JPG,LSU00136323,NoPortal,LSU,2019-07-23 10:24:48,/data/LSUCollections/NoPortal/LSU/LSU00136323.JPG
LSU00136381.JPG,LSU00136318,NoPortal,LSU,2019-07-23 10:24:48,/data/LSUCollections/NoPortal/LSU/LSU00136318.JPG
LSU00136395.JPG,LSU00136328,NoPortal,LSU,2019-07-23 10:24:48,/data/LSUCollections/NoPortal/LSU/LSU00136328.JPG
LSU00136361.JPG,LSU00136330,NoPortal,LSU,2019-07-23 10:24:48,/data/LSUCollections/NoPortal/LSU/LSU00136330.JPG
LSU00136368.JPG,LSU00136334,NoPortal,LSU,2019-07-23 10:24:48,/data/LSUCollections/NoPortal/LSU/LSU00136334.JPG
LSU00136356.JPG,LSU00136324,NoPortal,LSU,2019-07-23 10:24:48,/data/LSUCollections/NoPortal/LSU/LSU00136324.JPG
LSU00136339.JPG,LSU00136319,NoPortal,LSU,2019-07-23 10:24:48,/data/LSUCollections/NoPortal/LSU/LSU00136319.JPG
LSU00136374.JPG,LSU00136326,NoPortal,LSU,2019-07-23 10:24:48,/data/LSUCollections/NoPortal/LSU/LSU00136326.JPG
LSU00136391.JPG,LSU00136325,NoPortal,LSU,2019-07-23 10:24:48,/data/LSUCollections/NoPortal/LSU/LSU00136325.JPG
LSU00136363.JPG,LSU00136332,NoPortal,LSU,2019-07-23 10:24:48,/data/LSUCollections/NoPortal/LSU/LSU00136332.JPG
LSU00136382.JPG,LSU00136311,NoPortal,LSU,2019-07-23 10:24:48,/data/LSUCollections/NoPortal/LSU/LSU00136311.JPG
LSU00055440.JPG,LSU00055416,NoPortal,LSU,2019-07-23 10:24:48,/data/LSUCollections/NoPortal/LSU/LSU00055416.JPG
LSU00054334.JPG,LSU00054370,NoPortal,LSU,2019-07-23 10:24:48,/data/LSUCollections/NoPortal/LSU/LSU00054370.JPG
LSU00054324.JPG,LSU00054309,NoPortal,LSU,2019-07-23 10:24:48,/data/LSUCollections/NoPortal/LSU/LSU00054309.JPG
LSU00055596.JPG,LSU00055515,NoPortal,LSU,2019-07-23 10:24:48,/data/LSUCollections/NoPortal/LSU/LSU00055515.JPG
LSU00057376.JPG,LSU00057361,NoPortal,LSU,2019-07-23 10:24:48,/data/LSUCollections/NoPortal/LSU/LSU00057361.JPG
LSU00057319.JPG,LSU00057374,NoPortal,LSU,2019-07-23 10:24:48,/data/LSUCollections/NoPortal/LSU/LSU00057374.JPG
LSU00057404.JPG,LSU00057406,NoPortal,LSU,2019-07-23 10:24:48,/data/LSUCollections/NoPortal/LSU/LSU00057406.JPG
LSU00052517.JPG,LSU00052548,NoPortal,LSU,2019-07-23 10:24:48,/data/LSUCollections/NoPortal/LSU/LSU00052548.JPG
LSU00152914.JPG,LSU00152998,NoPortal,LSU,2019-07-23 10:24:48,/data/LSUCollections/NoPortal/LSU/LSU00152998.JPG
LSU00152949.JPG,LSU00152994,NoPortal,LSU,2019-07-23 10:24:48,/data/LSUCollections/NoPortal/LSU/LSU00152994.JPG
LSU00184162.JPG,LSU00184175,NoPortal,LSU,2019-07-23 10:24:48,/data/LSUCollections/NoPortal/LSU/LSU00184175.JPG
LSU00184198.JPG,LSU00184185,NoPortal,LSU,2019-07-23 10:24:48,/data/LSUCollections/NoPortal/LSU/LSU00184185.JPG
LSU00184143.JPG,LSU00184184,NoPortal,LSU,2019-07-23 10:24:48,/data/LSUCollections/NoPortal/LSU/LSU00184184.JPG
LSU00184155.JPG,LSU00184171,NoPortal,LSU,2019-07-23 10:24:48,/data/LSUCollections/NoPortal/LSU/LSU00184171.JPG
LSU00184123.JPG,LSU00184181,NoPortal,LSU,2019-07-23 10:24:48,/data/LSUCollections/NoPortal/LSU/LSU00184181.JPG
LSU00184106.JPG,LSU00184176,NoPortal,LSU,2019-07-23 10:24:48,/data/LSUCollections/NoPortal/LSU/LSU00184176.JPG
LSU00184108.JPG,LSU00184170,NoPortal,LSU,2019-07-23 10:24:48,/data/LSUCollections/NoPortal/LSU/LSU00184170.JPG
LSU00184109.JPG,LSU00184177,NoPortal,LSU,2019-07-23 10:24:48,/data/LSUCollections/NoPortal/LSU/LSU00184177.JPG
LSU00184107.JPG,LSU00184186,NoPortal,LSU,2019-07-23 10:24:48,/data/LSUCollections/NoPortal/LSU/LSU00184186.JPG
LSU00184188.JPG,LSU00184173,NoPortal,LSU,2019-07-23 10:24:48,/data/LSUCollections/NoPortal/LSU/LSU00184173.JPG
LSU00184119.JPG,LSU00184174,NoPortal,LSU,2019-07-23 10:24:48,/data/LSUCollections/NoPortal/LSU/LSU00184174.JPG
LSU00184132.JPG,LSU00184182,NoPortal,LSU,2019-07-23 10:24:48,/data/LSUCollections/NoPortal/LSU/LSU00184182.JPG
LSU00180658.JPG,LSU00180621,NoPortal,LSU,2019-07-23 10:24:48,/data/LSUCollections/NoPortal/LSU/LSU00180621.JPG
LSU00180601.JPG,LSU00180612,NoPortal,LSU,2019-07-23 10:24:48,/data/LSUCollections/NoPortal/LSU/LSU00180612.JPG
LSU00180600.JPG,LSU00180614,NoPortal,LSU,2019-07-23 10:24:48,/data/LSUCollections/NoPortal/LSU/LSU00180614.JPG
LSU00180664.JPG,LSU00180616,NoPortal,LSU,2019-07-23 10:24:48,/data/LSUCollections/NoPortal/LSU/LSU00180616.JPG
LSU00180644.JPG,LSU00180620,NoPortal,LSU,2019-07-23 10:24:48,/data/LSUCollections/NoPortal/LSU/LSU00180620.JPG
LSU00180627.JPG,LSU00180613,NoPortal,LSU,2019-07-23 10:24:48,/data/LSUCollections/NoPortal/LSU/LSU00180613.JPG
LSU00180659.JPG,LSU00180605,NoPortal,LSU,2019-07-23 10:24:48,/data/LSUCollections/NoPortal/LSU/LSU00180605.JPG
LSU00180693.JPG,LSU00180617,NoPortal,LSU,2019-07-23 10:24:48,/data/LSUCollections/NoPortal/LSU/LSU00180617.JPG
LSU00180696.JPG,LSU00180615,NoPortal,LSU,2019-07-23 10:24:48,/data/LSUCollections/NoPortal/LSU/LSU00180615.JPG
LSU00180660.JPG,LSU00180623,NoPortal,LSU,2019-07-23 10:24:48,/data/LSUCollections/NoPortal/LSU/LSU00180623.JPG
LSU00180681.JPG,LSU00180618,NoPortal,LSU,2019-07-23 10:24:48,/data/LSUCollections/NoPortal/LSU/LSU00180618.JPG
LSU00180695.JPG,LSU00180610,NoPortal,LSU,2019-07-23 10:24:48,/data/LSUCollections/NoPortal/LSU/LSU00180610.JPG
LSU00180692.JPG,LSU00180603,NoPortal,LSU,2019-07-23 10:24:48,/data/LSUCollections/NoPortal/LSU/LSU00180603.JPG
LSU00180690.JPG,LSU00180604,NoPortal,LSU,2019-07-23 10:24:48,/data/LSUCollections/NoPortal/LSU/LSU00180604.JPG
LSU00180661.JPG,LSU00180602,NoPortal,LSU,2019-07-23 10:24:48,/data/LSUCollections/NoPortal/LSU/LSU00180602.JPG
LSU00180668.JPG,LSU00180608,NoPortal,LSU,2019-07-23 10:24:48,/data/LSUCollections/NoPortal/LSU/LSU00180608.JPG
LSU00180656.JPG,LSU00180609,NoPortal,LSU,2019-07-23 10:24:48,/data/LSUCollections/NoPortal/LSU/LSU00180609.JPG
LSU00180677.JPG,LSU00180607,NoPortal,LSU,2019-07-23 10:24:48,/data/LSUCollections/NoPortal/LSU/LSU00180607.JPG
LSU00180673.JPG,LSU00180619,NoPortal,LSU,2019-07-23 10:24:48,/data/LSUCollections/NoPortal/LSU/LSU00180619.JPG
LSU00180674.JPG,LSU00180622,NoPortal,LSU,2019-07-23 10:24:48,/data/LSUCollections/NoPortal/LSU/LSU00180622.JPG
LSU00180691.JPG,LSU00180625,NoPortal,LSU,2019-07-23 10:24:48,/data/LSUCollections/NoPortal/LSU/LSU00180625.JPG
LSU00180682.JPG,LSU00180611,NoPortal,LSU,2019-07-23 10:24:48,/data/LSUCollections/NoPortal/LSU/LSU00180611.JPG
LSU00181970.JPG,LSU00181949,NoPortal,LSU,2019-07-23 10:24:48,/data/LSUCollections/NoPortal/LSU/LSU00181949.JPG
LSU00109952_1.JPG,LSU00109963,NoPortal,LSU,2019-07-23 10:24:48,/data/LSUCollections/NoPortal/LSU/LSU00109963.JPG
LSU00106476.JPG,LSU00106461,NoPortal,LSU,2019-07-23 10:24:48,/data/LSUCollections/NoPortal/LSU/LSU00106461.JPG
LSU00105075.JPG,LSU00105038,NoPortal,LSU,2019-07-23 10:24:48,/data/LSUCollections/NoPortal/LSU/LSU00105038.JPG
LSU00105020.JPG,LSU00105027,NoPortal,LSU,2019-07-23 10:24:48,/data/LSUCollections/NoPortal/LSU/LSU00105027.JPG
LSU00105059.JPG,LSU00105036,NoPortal,LSU,2019-07-23 10:24:48,/data/LSUCollections/NoPortal/LSU/LSU00105036.JPG
LSU00105093.JPG,LSU00105033,NoPortal,LSU,2019-07-23 10:24:48,/data/LSUCollections/NoPortal/LSU/LSU00105033.JPG
LSU00105015.JPG,LSU00105035,NoPortal,LSU,2019-07-23 10:24:48,/data/LSUCollections/NoPortal/LSU/LSU00105035.JPG
LSU00105010.JPG,LSU00105028,NoPortal,LSU,2019-07-23 10:24:48,/data/LSUCollections/NoPortal/LSU/LSU00105028.JPG
LSU00105061.JPG,LSU00105030,NoPortal,LSU,2019-07-23 10:24:48,/data/LSUCollections/NoPortal/LSU/LSU00105030.JPG
LSU00105068.JPG,LSU00105034,NoPortal,LSU,2019-07-23 10:24:48,/data/LSUCollections/NoPortal/LSU/LSU00105034.JPG
LSU00105073.JPG,LSU00105039,NoPortal,LSU,2019-07-23 10:24:48,/data/LSUCollections/NoPortal/LSU/LSU00105039.JPG
LSU00105074.JPG,LSU00105022,NoPortal,LSU,2019-07-23 10:24:48,/data/LSUCollections/NoPortal/LSU/LSU00105022.JPG
LSU00105063.JPG,LSU00105032,NoPortal,LSU,2019-07-23 10:24:48,/data/LSUCollections/NoPortal/LSU/LSU00105032.JPG
LSU00036496.JPG,LSU00036415,NoPortal,LSU,2019-07-23 10:24:48,/data/LSUCollections/NoPortal/LSU/LSU00036415.JPG
LSU00030532.JPG,LSU00030582,NoPortal,LSU,2019-07-23 10:24:48,/data/LSUCollections/NoPortal/LSU/LSU00030582.JPG
LSU00036012.JPG,LSU00036041,NoPortal,LSU,2019-07-23 10:24:48,/data/LSUCollections/NoPortal/LSU/LSU00036041.JPG
LSU00039201.JPG,LSU00039212,NoPortal,LSU,2019-07-23 10:24:48,/data/LSUCollections/NoPortal/LSU/LSU00039212.JPG
LSU00037682.JPG,LSU00037611,NoPortal,LSU,2019-07-23 10:24:48,/data/LSUCollections/NoPortal/LSU/LSU00037611.JPG
LSU00036641.JPG,LSU00036631,NoPortal,LSU,2019-07-23 10:24:48,/data/LSUCollections/NoPortal/LSU/LSU00036631.JPG
LSU00036605.JPG,LSU00036637,NoPortal,LSU,2019-07-23 10:24:48,/data/LSUCollections/NoPortal/LSU/LSU00036637.JPG
LSU00036629.JPG,LSU00036634,NoPortal,LSU,2019-07-23 10:24:48,/data/LSUCollections/NoPortal/LSU/LSU00036634.JPG
LSU00036656.JPG,LSU00036624,NoPortal,LSU,2019-07-23 10:24:48,/data/LSUCollections/NoPortal/LSU/LSU00036624.JPG
LSU00044288.JPG,LSU00044278,NoPortal,LSU,2019-07-23 10:24:48,/data/LSUCollections/NoPortal/LSU/LSU00044278.JPG
LSU00044226.JPG,LSU00044222,NoPortal,LSU,2019-07-23 10:24:48,/data/LSUCollections/NoPortal/LSU/LSU00044222.JPG
LSU00043895.JPG,LSU00043810,NoPortal,LSU,2019-07-23 10:24:48,/data/LSUCollections/NoPortal/LSU/LSU00043810.JPG
LSU00048597.JPG,LSU00048562,NoPortal,LSU,2019-07-23 10:24:48,/data/LSUCollections/NoPortal/LSU/LSU00048562.JPG
LSU00048599.JPG,LSU00048554,NoPortal,LSU,2019-07-23 10:24:48,/data/LSUCollections/NoPortal/LSU/LSU00048554.JPG
LSU00048514.JPG,LSU00048598,NoPortal,LSU,2019-07-23 10:24:48,/data/LSUCollections/NoPortal/LSU/LSU00048598.JPG
LSU00048580.JPG,LSU00048585,NoPortal,LSU,2019-07-23 10:24:48,/data/LSUCollections/NoPortal/LSU/LSU00048585.JPG
LSU00048540.JPG,LSU00048564,NoPortal,LSU,2019-07-23 10:24:48,/data/LSUCollections/NoPortal/LSU/LSU00048564.JPG
LSU00048537.JPG,LSU00048555,NoPortal,LSU,2019-07-23 10:24:48,/data/LSUCollections/NoPortal/LSU/LSU00048555.JPG
LSU00048546.JPG,LSU00048553,NoPortal,LSU,2019-07-23 10:24:48,/data/LSUCollections/NoPortal/LSU/LSU00048553.JPG
LSU00048517.JPG,LSU00048548,NoPortal,LSU,2019-07-23 10:24:48,/data/LSUCollections/NoPortal/LSU/LSU00048548.JPG
LSU00048518.JPG,LSU00048551,NoPortal,LSU,2019-07-23 10:24:48,/data/LSUCollections/NoPortal/LSU/LSU00048551.JPG
LSU00048595.JPG,LSU00048510,NoPortal,LSU,2019-07-23 10:24:48,/data/LSUCollections/NoPortal/LSU/LSU00048510.JPG
LSU00048589.JPG,LSU00048592,NoPortal,LSU,2019-07-23 10:24:48,/data/LSUCollections/NoPortal/LSU/LSU00048592.JPG
LSU00048502.JPG,LSU00048568,NoPortal,LSU,2019-07-23 10:24:48,/data/LSUCollections/NoPortal/LSU/LSU00048568.JPG
LSU00048570.JPG,LSU00048549,NoPortal,LSU,2019-07-23 10:24:48,/data/LSUCollections/NoPortal/LSU/LSU00048549.JPG
LSU00048567.JPG,LSU00048587,NoPortal,LSU,2019-07-23 10:24:48,/data/LSUCollections/NoPortal/LSU/LSU00048587.JPG
LSU00048519.JPG,LSU00048574,NoPortal,LSU,2019-07-23 10:24:48,/data/LSUCollections/NoPortal/LSU/LSU00048574.JPG
LSU00048550.JPG,LSU00048563,NoPortal,LSU,2019-07-23 10:24:48,/data/LSUCollections/NoPortal/LSU/LSU00048563.JPG
LSU00048532.JPG,LSU00048582,NoPortal,LSU,2019-07-23 10:24:48,/data/LSUCollections/NoPortal/LSU/LSU00048582.JPG
LSU00042089.JPG,LSU00042092,NoPortal,LSU,2019-07-23 10:24:48,/data/LSUCollections/NoPortal/LSU/LSU00042092.JPG
LSU00045181.JPG,LSU00045118,NoPortal,LSU,2019-07-23 10:24:48,/data/LSUCollections/NoPortal/LSU/LSU00045118.JPG
LSU00045139.JPG,LSU00045119,NoPortal,LSU,2019-07-23 10:24:48,/data/LSUCollections/NoPortal/LSU/LSU00045119.JPG
LSU00040419.JPG,LSU00040474,NoPortal,LSU,2019-07-23 10:24:48,/data/LSUCollections/NoPortal/LSU/LSU00040474.JPG
LSU00045701.JPG,LSU00045712,NoPortal,LSU,2019-07-23 10:24:48,/data/LSUCollections/NoPortal/LSU/LSU00045712.JPG
LSU00048631.JPG,LSU00048600,NoPortal,LSU,2019-07-23 10:24:48,/data/LSUCollections/NoPortal/LSU/LSU00048600.JPG
LSU00022193.JPG,LSU00022133,NoPortal,LSU,2019-07-23 10:24:48,/data/LSUCollections/NoPortal/LSU/LSU00022133.JPG
LSU00022129.JPG,LSU00022134,NoPortal,LSU,2019-07-23 10:24:48,/data/LSUCollections/NoPortal/LSU/LSU00022134.JPG
LSU00024450.JPG,LSU00024452,NoPortal,LSU,2019-07-23 10:24:48,/data/LSUCollections/NoPortal/LSU/LSU00024452.JPG
LSU00025781.JPG,LSU00025718,NoPortal,LSU,2019-07-23 10:24:48,/data/LSUCollections/NoPortal/LSU/LSU00025718.JPG
LSU00024911.JPG,LSU00029458,NoPortal,LSU,2019-07-23 10:24:48,/data/LSUCollections/NoPortal/LSU/LSU00029458.JPG
LSU00029484.JPG,LSU00029440,NoPortal,LSU,2019-07-23 10:24:48,/data/LSUCollections/NoPortal/LSU/LSU00029440.JPG
LSU00029445.JPG,LSU00029459,NoPortal,LSU,2019-07-23 10:24:48,/data/LSUCollections/NoPortal/LSU/LSU00029459.JPG
LSU00022498.JPG,LSU00022480,NoPortal,LSU,2019-07-23 10:24:48,/data/LSUCollections/NoPortal/LSU/LSU00022480.JPG
LSU00022457.JPG,LSU00022468,NoPortal,LSU,2019-07-23 10:24:48,/data/LSUCollections/NoPortal/LSU/LSU00022468.JPG
LSU00022409.JPG,LSU00022477,NoPortal,LSU,2019-07-23 10:24:48,/data/LSUCollections/NoPortal/LSU/LSU00022477.JPG
LSU00022407.JPG,LSU00022479,NoPortal,LSU,2019-07-23 10:24:48,/data/LSUCollections/NoPortal/LSU/LSU00022479.JPG
LSU00022486.JPG,LSU00022467,NoPortal,LSU,2019-07-23 10:24:48,/data/LSUCollections/NoPortal/LSU/LSU00022467.JPG
LSU00022488.JPG,LSU00022478,NoPortal,LSU,2019-07-23 10:24:48,/data/LSUCollections/NoPortal/LSU/LSU00022478.JPG
LSU00022422.JPG,LSU00022466,NoPortal,LSU,2019-07-23 10:24:48,/data/LSUCollections/NoPortal/LSU/LSU00022466.JPG
LSU00022432.JPG,LSU00022482,NoPortal,LSU,2019-07-23 10:24:48,/data/LSUCollections/NoPortal/LSU/LSU00022482.JPG
LSU00028303.JPG,LSU00028390,NoPortal,LSU,2019-07-23 10:24:48,/data/LSUCollections/NoPortal/LSU/LSU00028390.JPG
LSU00027720.JPG,LSU00027727,NoPortal,LSU,2019-07-23 10:24:48,/data/LSUCollections/NoPortal/LSU/LSU00027727.JPG
LSU00027774.JPG,LSU00027726,NoPortal,LSU,2019-07-23 10:24:48,/data/LSUCollections/NoPortal/LSU/LSU00027726.JPG
LSU00028861.JPG,LSU00028830,NoPortal,LSU,2019-07-23 10:24:48,/data/LSUCollections/NoPortal/LSU/LSU00028830.JPG
LSU00023204.JPG,LSU00023206,NoPortal,LSU,2019-07-23 10:24:48,/data/LSUCollections/NoPortal/LSU/LSU00023206.JPG
LSU00094273.JPG,LSU00094239,NoPortal,LSU,2019-07-23 10:24:48,/data/LSUCollections/NoPortal/LSU/LSU00094239.JPG
LSU00072142.JPG,LSU00072197,NoPortal,LSU,2019-07-23 10:24:48,/data/LSUCollections/NoPortal/LSU/LSU00072197.JPG
LSU00072596.JPG,LSU00072515,NoPortal,LSU,2019-07-23 10:24:48,/data/LSUCollections/NoPortal/LSU/LSU00072515.JPG
LSU00193816.JPG,LSU00193844,NoPortal,LSU,2019-07-23 10:24:48,/data/LSUCollections/NoPortal/LSU/LSU00193844.JPG
LSU00194549.JPG,LSU00194594,NoPortal,LSU,2019-07-23 10:24:48,/data/LSUCollections/NoPortal/LSU/LSU00194594.JPG
LSU00199089.JPG,LSU00199090,NoPortal,LSU,2019-07-23 10:24:48,/data/LSUCollections/NoPortal/LSU/LSU00199090.JPG
LSU00119960.JPG,LSU00119923,NoPortal,LSU,2019-07-23 10:24:48,/data/LSUCollections/NoPortal/LSU/LSU00119923.JPG
LSU00117281.JPG,LSU00117218,NoPortal,LSU,2019-07-23 10:24:48,/data/LSUCollections/NoPortal/LSU/LSU00117218.JPG
LSU00117203.JPG,LSU00117204,NoPortal,LSU,2019-07-23 10:24:48,/data/LSUCollections/NoPortal/LSU/LSU00117204.JPG
LSU00113729.JPG,LSU00113734,NoPortal,LSU,2019-07-23 10:24:48,/data/LSUCollections/NoPortal/LSU/LSU00113734.JPG
LSU00118708.JPG,LSU00118770,NoPortal,LSU,2019-07-23 10:24:48,/data/LSUCollections/NoPortal/LSU/LSU00118770.JPG
